[{"employeeName":"Agron Kabashi","officeName":"🇸🇪 Lund","image":"https://i.1337co.de/profile/agron-kabashi-medium"},{"employeeName":"Ahmad Mirzaei","officeName":"🇸🇪 Lund","image":"https://i.1337co.de/profile/ahmad-mirzaei-medium"},{"employeeName":"Ahmed Bazzara","officeName":"🇸🇪 Lund","image":"https://i.1337co.de/profile/ahmed-bazzara-medium"},{"employeeName":"Alban Nurkollari","officeName":"🇸🇪 Helsingborg","image":"https://i.1337co.de/profile/alban-nurkollari-medium"},{"employeeName":"Aleksi Pohjolainen","officeName":"🇸🇪 Lund","image":"https://i.1337co.de/profile/aleksi-pohjolainen-medium"},{"employeeName":"Alexander Danson","officeName":"🇸🇪 Stockholm","image":"https://i.1337co.de/profile/alexander-danson-medium"},{"employeeName":"Alexander Midholm","officeName":"🇸🇪 Lund","image":"https://i.1337co.de/profile/alexander-olsson-medium"},{"employeeName":"Alicia Sjöberg","officeName":"🇸🇪 Stockholm","image":"https://i.1337co.de/profile/alicia-sjoberg-medium"},{"employeeName":"Amin Yosoh","officeName":"🇸🇪 Lund","image":"https://i.1337co.de/profile/amin-yosoh-medium"},{"employeeName":"Amirmasoud Ramezani","officeName":"🇸🇪 Stockholm","image":"https://i.1337co.de/profile/amirmasoud-ramezani-medium"},{"employeeName":"Anastasiia Petrych","officeName":"🇸🇪 Stockholm","image":"https://i.1337co.de/profile/anastasiia-petrych-medium"},{"employeeName":"Anders Andersson","officeName":"🇸🇪 Borlänge","image":"https://i.1337co.de/profile/anders-andersson-medium"},{"employeeName":"Anders Clark","officeName":"🇸🇪 Lund","image":"https://i.1337co.de/profile/anders-clark-medium"},{"employeeName":"Anders Hedlund","officeName":"🇸🇪 Borlänge","image":"https://i.1337co.de/profile/anders-hedlund-medium"},{"employeeName":"Anders Iggsten","officeName":"🇸🇪 Stockholm","image":"https://i.1337co.de/profile/anders-iggsten-medium"},{"employeeName":"Anders Killander","officeName":"🇸🇪 Stockholm","image":"https://i.1337co.de/profile/anders-killander-medium"},{"employeeName":"Anders Liljekvist","officeName":"🇸🇪 Borlänge","image":"https://i.1337co.de/profile/anders-liljekvist-medium"},{"employeeName":"Anders Lundsgård","officeName":"🇸🇪 Stockholm","image":"https://i.1337co.de/profile/anders-lundsgard-medium"},{"employeeName":"Anders Ringqvist","officeName":"🇸🇪 Lund","image":"https://i.1337co.de/profile/anders-ringqvist-medium"},{"employeeName":"Andreas Andersson","officeName":"🇸🇪 Lund","image":"https://i.1337co.de/profile/andreas-andersson-medium"},{"employeeName":"Andreas Cederström","officeName":"🇸🇪 Lund","image":"https://i.1337co.de/profile/andreas-cederstrom-medium"},{"employeeName":"Andreas Coroiu","officeName":"🇸🇪 Lund","image":"https://i.1337co.de/profile/andreas-coroiu-medium"},{"employeeName":"Andreas Håkansson","officeName":"🇸🇪 Helsingborg","image":"https://i.1337co.de/profile/andreas-hakansson-medium"},{"employeeName":"Andreas Nilsson","officeName":"🇸🇪 Helsingborg","image":"https://i.1337co.de/profile/andreas-nilsson-medium"},{"employeeName":"Andreas Nyström","officeName":"🇸🇪 Lund","image":"https://i.1337co.de/profile/andreas-nystrom-medium"},{"employeeName":"Andreas Olsson","officeName":"🇸🇪 Lund","image":"https://i.1337co.de/profile/andreas-olsson-medium"},{"employeeName":"Andreas Voigt","officeName":"🇸🇪 Helsingborg","image":"https://i.1337co.de/profile/andreas-voigt-medium"},{"employeeName":"Anna Almestål","officeName":"🇸🇪 Stockholm","image":"https://i.1337co.de/profile/anna-almestal-medium"},{"employeeName":"Anna Van Duijvenbode","officeName":"🇸🇪 Lund","image":"https://i.1337co.de/profile/anna-van-duijvenbode-medium"},{"employeeName":"Anton Carlsson Tysk","officeName":"🇸🇪 Borlänge","image":"https://i.1337co.de/profile/anton-carlsson-tysk-medium"},{"employeeName":"Anton Panteleev","officeName":"🇸🇪 Stockholm","image":"https://i.1337co.de/profile/anton-panteleev-medium"},{"employeeName":"Anže Stražar","officeName":"🇸🇮 Ljubljana","image":"https://i.1337co.de/profile/anze-strazar-medium"},{"employeeName":"Arman Momeni","officeName":"🇸🇪 Lund","image":"https://i.1337co.de/profile/arman-momeni-medium"},{"employeeName":"Artem Syromiatnikov","officeName":"🇸🇪 Stockholm","image":"https://i.1337co.de/profile/artem-syromiatnikov-medium"},{"employeeName":"Axel Olsson","officeName":"🇸🇪 Lund","image":"https://i.1337co.de/profile/axel-olsson-medium"},{"employeeName":"Balazs Gobel","officeName":"🇸🇪 Lund","image":"https://i.1337co.de/profile/balazs-gobel-medium"},{"employeeName":"Begum Deniz","officeName":"🇸🇪 Lund","image":"https://i.1337co.de/profile/begum-deniz-medium"},{"employeeName":"Biserka Cvetkovska","officeName":"🇸🇮 Ljubljana","image":"https://i.1337co.de/profile/biserka-cvetkovska-medium"},{"employeeName":"Blake Lundquist","officeName":"🇸🇪 Stockholm","image":"https://i.1337co.de/profile/blake-lundquist-medium"},{"employeeName":"Cajsa Nilsson","officeName":"🇸🇪 Lund","image":"https://i.1337co.de/profile/cajsa-nilsson-medium"},{"employeeName":"Catherine Peralta","officeName":"🇸🇪 Stockholm","image":"https://i.1337co.de/profile/catherine-peralta-medium"},{"employeeName":"Cecilia Silvera","officeName":"🇸🇪 Stockholm","image":"https://i.1337co.de/profile/cecilia-silvera-medium"},{"employeeName":"Cecilia Westman","officeName":"🇸🇪 Lund","image":"https://i.1337co.de/profile/cecilia-westman-medium"},{"employeeName":"Cedrik Aagaard","officeName":"🇸🇪 Lund","image":"https://i.1337co.de/profile/cedrik-aagaard-medium"},{"employeeName":"Charlie Sundblad","officeName":"🇸🇪 Stockholm","image":"https://i.1337co.de/profile/charlie-sundblad-medium"},{"employeeName":"Charlotte Nylander","officeName":"🇸🇪 Lund","image":"https://i.1337co.de/profile/charlotte-nylander-medium"},{"employeeName":"Christian Söderberg","officeName":"🇸🇪 Stockholm","image":"https://i.1337co.de/profile/christian-soderberg-medium"},{"employeeName":"Christian Tallhamn","officeName":"🇸🇪 Lund","image":"https://i.1337co.de/profile/christian-tallhamn-medium"},{"employeeName":"Christof Lindmark","officeName":"🇸🇪 Lund","image":"https://i.1337co.de/profile/christof-lindmark-medium"},{"employeeName":"Christoffer Hydling","officeName":"🇸🇪 Stockholm","image":"https://i.1337co.de/profile/christoffer-hydling-medium"},{"employeeName":"Christopher Af Bjur","officeName":"🇸🇪 Stockholm","image":"https://i.1337co.de/profile/christopher-af-bjur-medium"},{"employeeName":"Christopher Lebond","officeName":"🇸🇪 Lund","image":"https://i.1337co.de/profile/christopher-lebond-medium"},{"employeeName":"Cristofer Fridh","officeName":"🇸🇪 Lund","image":"https://i.1337co.de/profile/cristofer-fridh-medium"},{"employeeName":"Daniel Hindrikes","officeName":"🇸🇪 Borlänge","image":"https://i.1337co.de/profile/daniel-hindrikes-medium"},{"employeeName":"Daniel Lager","officeName":"🇸🇪 Lund","image":"https://i.1337co.de/profile/daniel-lager-medium"},{"employeeName":"Daniel Waardal","officeName":"🇸🇪 Stockholm","image":"https://i.1337co.de/profile/daniel-waardal-medium"},{"employeeName":"Daniel Wallin","officeName":"🇸🇪 Lund","image":"https://i.1337co.de/profile/daniel-wallin-medium"},{"employeeName":"Daniel Welsh","officeName":"🇸🇪 Stockholm","image":"https://i.1337co.de/profile/daniel-welsh-medium"},{"employeeName":"David Johansson","officeName":"🇸🇪 Lund","image":"https://i.1337co.de/profile/david-johansson-medium"},{"employeeName":"David Preutz","officeName":"🇸🇪 Stockholm","image":"https://i.1337co.de/profile/david-preutz-medium"},{"employeeName":"David Tiselius","officeName":"🇸🇪 Helsingborg","image":"https://i.1337co.de/profile/david-tiselius-medium"},{"employeeName":"Davor Tomic","officeName":"🇸🇪 Stockholm","image":"https://i.1337co.de/profile/davor-tomic-medium"},{"employeeName":"Deler Abdalaziz","officeName":"🇸🇪 Stockholm","image":"https://i.1337co.de/profile/deler-abdalaziz-medium"},{"employeeName":"Deniz Yildirim","officeName":"🇸🇪 Lund","image":"https://i.1337co.de/profile/deniz-yildirim-medium"},{"employeeName":"Derek Maffett","officeName":"🇸🇪 Stockholm","image":"https://i.1337co.de/profile/derek-maffett-medium"},{"employeeName":"Diego Delfino","officeName":"🇸🇪 Lund","image":"https://i.1337co.de/profile/diego-delfino-medium"},{"employeeName":"Dimitris Paraschakis","officeName":"🇸🇪 Lund","image":"https://i.1337co.de/profile/dimitris-paraschakis-medium"},{"employeeName":"Domen Gabrovšek","officeName":"🇸🇮 Ljubljana","image":"https://i.1337co.de/profile/domen-gabrovsek-medium"},{"employeeName":"Dragan Jovanovski","officeName":"🇸🇮 Ljubljana","image":"https://i.1337co.de/profile/dragan-jovanovski-medium"},{"employeeName":"Dragana Đekić","officeName":"🇸🇮 Ljubljana","image":"https://i.1337co.de/profile/dragana-dekic-medium"},{"employeeName":"Dunja Rosina","officeName":"🇸🇮 Ljubljana","image":"https://i.1337co.de/profile/dunja-rosina-medium"},{"employeeName":"Edvin Havic","officeName":"🇸🇪 Lund","image":"https://i.1337co.de/profile/edvin-havic-medium"},{"employeeName":"Emelie Nilsson","officeName":"🇸🇪 Lund","image":"https://i.1337co.de/profile/emelie-nilsson-medium"},{"employeeName":"Emil Giljam","officeName":"🇸🇪 Lund","image":"https://i.1337co.de/profile/emil-giljam-medium"},{"employeeName":"Emil Pålsson","officeName":"🇸🇪 Lund","image":"https://i.1337co.de/profile/emil-palsson-medium"},{"employeeName":"Eric Wingren","officeName":"🇸🇪 Lund","image":"https://i.1337co.de/profile/eric-wingren-medium"},{"employeeName":"Erik Drobne","officeName":"🇸🇮 Ljubljana","image":"https://i.1337co.de/profile/erik-drobne-medium"},{"employeeName":"Erik Forsberg","officeName":"🇸🇪 Lund","image":"https://i.1337co.de/profile/erik-forsberg-medium"},{"employeeName":"Erik Juhlin","officeName":"🇸🇪 Helsingborg","image":"https://i.1337co.de/profile/erik-juhlin-medium"},{"employeeName":"Erik Linné","officeName":"🇸🇪 Lund","image":"https://i.1337co.de/profile/erik-linne-medium"},{"employeeName":"Erik Moberg","officeName":"🇸🇪 Stockholm","image":"https://i.1337co.de/profile/erik-moberg-medium"},{"employeeName":"Erik Olsson","officeName":"🇸🇪 Stockholm","image":"https://i.1337co.de/profile/erik-olsson-medium"},{"employeeName":"Erik Stoy","officeName":"🇸🇪 Lund","image":"https://i.1337co.de/profile/erik-stoy-medium"},{"employeeName":"Eva Sever","officeName":"🇸🇮 Ljubljana","image":"https://i.1337co.de/profile/eva-sever-medium"},{"employeeName":"Farnam Jamshidian","officeName":"🇸🇪 Stockholm","image":"https://i.1337co.de/profile/farnam-jamshidian-medium"},{"employeeName":"Fatin Masa-E","officeName":"🇸🇪 Lund","image":"https://i.1337co.de/profile/fatin-masa-e-medium"},{"employeeName":"Federico Medina","officeName":"🇸🇪 Stockholm","image":"https://i.1337co.de/profile/federico-medina-medium"},{"employeeName":"Filip Johansson","officeName":"🇸🇪 Helsingborg","image":"https://i.1337co.de/profile/filip-johansson-medium"},{"employeeName":"Gabriel Dragomir","officeName":"🇸🇪 Lund","image":"https://i.1337co.de/profile/gabriel-dragomir-medium"},{"employeeName":"Giovanni Hanselius","officeName":"🇸🇪 Lund","image":"https://i.1337co.de/profile/giovanni-hanselius-medium"},{"employeeName":"Gorazd Vasiljević","officeName":"🇸🇮 Ljubljana","image":"https://i.1337co.de/profile/gorazd-vasiljevic-medium"},{"employeeName":"Gresë Konjufca Boltežar","officeName":"🇸🇮 Ljubljana","image":"https://i.1337co.de/profile/grese-konjufca-boltezar-medium"},{"employeeName":"Gustaf Ideström","officeName":"🇸🇪 Stockholm","image":"https://i.1337co.de/profile/gustaf-idestrom-medium"},{"employeeName":"Gustaf Lundström","officeName":"🇸🇪 Stockholm","image":"https://i.1337co.de/profile/gustaf-lundstrom-medium"},{"employeeName":"Gustav Hallberg Hektor","officeName":"🇸🇪 Lund","image":"https://i.1337co.de/profile/gustav-hallberg-hektor-medium"},{"employeeName":"Hampus Engström","officeName":"🇸🇪 Lund","image":"https://i.1337co.de/profile/hampus-engstrom-medium"},{"employeeName":"Hampus Mauritzon","officeName":"🇸🇪 Lund","image":"https://i.1337co.de/profile/hampus-mauritzon-medium"},{"employeeName":"Helen Toomik","officeName":"🇸🇪 Stockholm","image":"https://i.1337co.de/profile/helen-toomik-medium"},{"employeeName":"Henrik Ljungdahl","officeName":"🇸🇪 Stockholm","image":"https://i.1337co.de/profile/henrik-ljungdahl-medium"},{"employeeName":"Hugo Bove","officeName":"🇸🇪 Lund","image":"https://i.1337co.de/profile/hugo-bove-medium"},{"employeeName":"Humza Waseem","officeName":"🇸🇪 Stockholm","image":"https://i.1337co.de/profile/humza-waseem-medium"},{"employeeName":"Håkan Haraldsson","officeName":"🇸🇪 Lund","image":"https://i.1337co.de/profile/hakan-haraldsson-medium"},{"employeeName":"Igor Antipin","officeName":"🇸🇪 Stockholm","image":"https://i.1337co.de/profile/igor-antipin-medium"},{"employeeName":"Ingemar Parra","officeName":"🇸🇪 Stockholm","image":"https://i.1337co.de/profile/ingemar-parra-medium"},{"employeeName":"Jakob Lindblad","officeName":"🇸🇪 Lund","image":"https://i.1337co.de/profile/jakob-lindblad-medium"},{"employeeName":"Jan Ferme","officeName":"🇸🇮 Ljubljana","image":"https://i.1337co.de/profile/jan-ferme-medium"},{"employeeName":"Jenny Fergeus Almroth","officeName":"🇸🇪 Lund","image":"https://i.1337co.de/profile/jenny-fergeus-almroth-medium"},{"employeeName":"Jenny Magnell","officeName":"🇸🇪 Stockholm","image":"https://i.1337co.de/profile/jenny-magnell-medium"},{"employeeName":"Jens Magnusson","officeName":"🇸🇪 Lund","image":"https://i.1337co.de/profile/jens-magnusson-medium"},{"employeeName":"Jens Norell","officeName":"🇸🇪 Stockholm","image":"https://i.1337co.de/profile/jens-norell-medium"},{"employeeName":"Jernej Lipovec","officeName":"🇸🇮 Ljubljana","image":"https://i.1337co.de/profile/jernej-lipovec-medium"},{"employeeName":"Jernej Stražišar","officeName":"🇸🇮 Ljubljana","image":"https://i.1337co.de/profile/jernej-strazisar-medium"},{"employeeName":"Jesper Turesson","officeName":"🇸🇪 Borlänge","image":"https://i.1337co.de/profile/jesper-turesson-medium"},{"employeeName":"Joakim Lundbeck","officeName":"🇸🇪 Lund","image":"https://i.1337co.de/profile/joakim-lundbeck-medium"},{"employeeName":"Joakim Nyström","officeName":"🇸🇪 Stockholm","image":"https://i.1337co.de/profile/joakim-nystrom-medium"},{"employeeName":"Joel Sannerstedt","officeName":"🇸🇪 Lund","image":"https://i.1337co.de/profile/joel-sannerstedt-medium"},{"employeeName":"Joel Sjöström","officeName":"🇸🇪 Stockholm","image":"https://i.1337co.de/profile/joel-sjostrom-medium"},{"employeeName":"Johan Karlsson","officeName":"🇸🇪 Borlänge","image":"https://i.1337co.de/profile/johan-karlsson-medium"},{"employeeName":"Johan Lundborg","officeName":"🇸🇪 Stockholm","image":"https://i.1337co.de/profile/johan-lundborg-medium"},{"employeeName":"Johan Olsson","officeName":"🇸🇪 Helsingborg","image":"https://i.1337co.de/profile/johan-olsson-medium"},{"employeeName":"Johannes Alvarsson","officeName":"🇸🇪 Stockholm","image":"https://i.1337co.de/profile/johannes-alvarsson-medium"},{"employeeName":"Johannes Bohm","officeName":"🇸🇪 Lund","image":"https://i.1337co.de/profile/johannes-bohm-medium"},{"employeeName":"Johannes Borgström","officeName":"🇸🇪 Stockholm","image":"https://i.1337co.de/profile/johannes-borgstrom-medium"},{"employeeName":"Johannes Olsson","officeName":"🇸🇪 Lund","image":"https://i.1337co.de/profile/johannes-olsson-medium"},{"employeeName":"John-Victor Dahl","officeName":"🇸🇪 Stockholm","image":"https://i.1337co.de/profile/john-victor-dahl-medium"},{"employeeName":"Johnny Cederholm","officeName":"🇸🇪 Lund","image":"https://i.1337co.de/profile/johnny-cederholm-medium"},{"employeeName":"Jon Bennevall","officeName":"🇸🇪 Borlänge","image":"https://i.1337co.de/profile/jon-bennevall-medium"},{"employeeName":"Jonas Ahrens","officeName":"🇸🇪 Lund","image":"https://i.1337co.de/profile/jonas-ahrens-medium"},{"employeeName":"Jonas Beckeman","officeName":"🇸🇪 Stockholm","image":"https://i.1337co.de/profile/jonas-beckeman-medium"},{"employeeName":"Jonas Gertsson","officeName":"🇸🇪 Lund","image":"https://i.1337co.de/profile/jonas-gertsson-medium"},{"employeeName":"Jonny Augustsson","officeName":"🇸🇪 Lund","image":"https://i.1337co.de/profile/jonny-augustsson-medium"},{"employeeName":"Joss Åkesson","officeName":"🇸🇪 Lund","image":"https://i.1337co.de/profile/joss-akesson-medium"},{"employeeName":"Jure Bajt","officeName":"🇸🇮 Ljubljana","image":"https://i.1337co.de/profile/jure-bajt-medium"},{"employeeName":"Jure Stepišnik","officeName":"🇸🇮 Ljubljana","image":"https://i.1337co.de/profile/jure-stepisnik-medium"},{"employeeName":"Jörgen Karlsson","officeName":"🇸🇪 Lund","image":"https://i.1337co.de/profile/jorgen-karlsson-medium"},{"employeeName":"Kalle Ström","officeName":"🇸🇪 Stockholm","image":"https://i.1337co.de/profile/kalle-strom-medium"},{"employeeName":"Kalle Wallin","officeName":"🇸🇪 Lund","image":"https://i.1337co.de/profile/kalle-wallin-medium"},{"employeeName":"Karl Adriansson","officeName":"🇸🇪 Stockholm","image":"https://i.1337co.de/profile/karl-adriansson-medium"},{"employeeName":"Karl Ecström","officeName":"🇸🇪 Borlänge","image":"https://i.1337co.de/profile/karl-ecstrom-medium"},{"employeeName":"Kim Gustafsson","officeName":"🇸🇪 Lund","image":"https://i.1337co.de/profile/kim-gustafsson-medium"},{"employeeName":"Klas Broberg","officeName":"🇸🇪 Borlänge","image":"https://i.1337co.de/profile/klas-broberg-medium"},{"employeeName":"Klas Lindgren","officeName":"🇸🇪 Lund","image":"https://i.1337co.de/profile/klas-lindgren-medium"},{"employeeName":"Klemen Kogovšek","officeName":"🇸🇮 Ljubljana","image":"https://i.1337co.de/profile/klemen-kogovsek-medium"},{"employeeName":"Klemen Lokar","officeName":"🇸🇮 Ljubljana","image":"https://i.1337co.de/profile/klemen-lokar-medium"},{"employeeName":"Kristoffer Jälén","officeName":"🇸🇪 Lund","image":"https://i.1337co.de/profile/kristoffer-jalen-medium"},{"employeeName":"Kristoffer Lind","officeName":"🇸🇪 Lund","image":"https://i.1337co.de/profile/kristoffer-lind-medium"},{"employeeName":"Lauri Lubi","officeName":"🇸🇪 Stockholm","image":"https://i.1337co.de/profile/lauri-lubi-medium"},{"employeeName":"Leon van Bakel","officeName":"🇸🇮 Ljubljana","image":"https://i.1337co.de/profile/leon-van-bakel-medium"},{"employeeName":"Linus Costa Eriksson","officeName":"🇸🇪 Lund","image":"https://i.1337co.de/profile/linus-costa-eriksson-medium"},{"employeeName":"Linus Probert","officeName":"🇸🇪 Lund","image":"https://i.1337co.de/profile/linus-probert-medium"},{"employeeName":"Linus Wijk","officeName":"🇸🇪 Lund","image":"https://i.1337co.de/profile/linus-wijk-medium"},{"employeeName":"Lisa Fritsch","officeName":"🇸🇪 Stockholm","image":"https://i.1337co.de/profile/lisa-fritsch-medium"},{"employeeName":"Lotta Wennolf","officeName":"🇸🇪 Lund","image":"https://i.1337co.de/profile/lotta-wennolf-medium"},{"employeeName":"Lucas Stenberg","officeName":"🇸🇪 Lund","image":"https://i.1337co.de/profile/lucas-stenberg-medium"},{"employeeName":"Ludwig Schönbeck","officeName":"🇸🇪 Lund","image":"https://i.1337co.de/profile/ludwig-schonbeck-medium"},{"employeeName":"Luka Prebil Grintal","officeName":"🇸🇮 Ljubljana","image":"https://i.1337co.de/profile/luka-prebil-grintal-medium"},{"employeeName":"Lukas de Ridder","officeName":"🇸🇪 Stockholm","image":"https://i.1337co.de/profile/lukas-de-ridder-medium"},{"employeeName":"Madeleine Schönemann","officeName":"🇸🇪 Lund","image":"https://i.1337co.de/profile/madeleine-schonemann-medium"},{"employeeName":"Magnus Altgård","officeName":"🇸🇪 Lund","image":"https://i.1337co.de/profile/magnus-altgard-medium"},{"employeeName":"Magnus Ferm","officeName":"🇸🇪 Lund","image":"https://i.1337co.de/profile/magnus-ferm-medium"},{"employeeName":"Magnus Nilsson","officeName":"🇸🇪 Lund","image":"https://i.1337co.de/profile/magnus-nilsson-medium"},{"employeeName":"Magnus Sjöstrand","officeName":"🇸🇪 Lund","image":"https://i.1337co.de/profile/magnus-sjostrand-medium"},{"employeeName":"Marcus Mazur","officeName":"🇸🇪 Lund","image":"https://i.1337co.de/profile/marcus-mazur-medium"},{"employeeName":"Mario Ingemann","officeName":"🇸🇪 Stockholm","image":"https://i.1337co.de/profile/mario-ingemann-medium"},{"employeeName":"Marko Jukić","officeName":"🇸🇮 Ljubljana","image":"https://i.1337co.de/profile/marko-jukic-medium"},{"employeeName":"Markus Kruse","officeName":"🇸🇪 Helsingborg","image":"https://i.1337co.de/profile/markus-kruse-medium"},{"employeeName":"Marsel Mutlak","officeName":"🇸🇪 Stockholm","image":"https://i.1337co.de/profile/marsel-mutlak-medium"},{"employeeName":"Martin Isaksson","officeName":"🇸🇪 Stockholm","image":"https://i.1337co.de/profile/martin-isaksson-medium"},{"employeeName":"Martin Lecke","officeName":"🇸🇪 Lund","image":"https://i.1337co.de/profile/martin-lecke-medium"},{"employeeName":"Martin Lekvall","officeName":"🇸🇪 Helsingborg","image":"https://i.1337co.de/profile/martin-lekvall-medium"},{"employeeName":"Martin Lindström","officeName":"🇸🇪 Lund","image":"https://i.1337co.de/profile/martin-lindstrom-medium"},{"employeeName":"Martin Mazur","officeName":"🇸🇪 Lund","image":"https://i.1337co.de/profile/martin-mazur-medium"},{"employeeName":"Martin Nilsson","officeName":"🇸🇪 Stockholm","image":"https://i.1337co.de/profile/martin-nilsson-medium"},{"employeeName":"Martin Rosenqvist","officeName":"🇸🇪 Lund","image":"https://i.1337co.de/profile/martin-rosenqvist-medium"},{"employeeName":"Martin Thern","officeName":"🇸🇪 Lund","image":"https://i.1337co.de/profile/martin-thern-medium"},{"employeeName":"Matej Hočevar","officeName":"🇸🇮 Ljubljana","image":"https://i.1337co.de/profile/matej-hocevar-medium"},{"employeeName":"Matej Ugrin","officeName":"🇸🇮 Ljubljana","image":"https://i.1337co.de/profile/matej-ugrin-medium"},{"employeeName":"Matija Potočnik Pribošič","officeName":"🇸🇮 Ljubljana","image":"https://i.1337co.de/profile/matija-potocnik-pribosic-medium"},{"employeeName":"Mats Törnberg","officeName":"🇸🇪 Borlänge","image":"https://i.1337co.de/profile/mats-tornberg-medium"},{"employeeName":"Matthew Raoufi","officeName":"🇸🇪 Lund","image":"https://i.1337co.de/profile/matthew-raoufi-medium"},{"employeeName":"Matthias Hultberg","officeName":"🇸🇪 Lund","image":"https://i.1337co.de/profile/matthias-hultberg-medium"},{"employeeName":"Matthieu Leonard","officeName":"🇸🇪 Lund","image":"https://i.1337co.de/profile/matthieu-leonard-medium"},{"employeeName":"Mattias Mucherie","officeName":"🇸🇪 Stockholm","image":"https://i.1337co.de/profile/mattias-mucherie-medium"},{"employeeName":"Maximilian Falkenström","officeName":"🇸🇪 Helsingborg","image":"https://i.1337co.de/profile/maximilian-falkenstrom-medium"},{"employeeName":"Micael Holmström","officeName":"🇸🇪 Stockholm","image":"https://i.1337co.de/profile/micael-holmstrom-medium"},{"employeeName":"Michael Ekebratt","officeName":"🇸🇪 Lund","image":"https://i.1337co.de/profile/michael-ekebratt-medium"},{"employeeName":"Michał Łusiak","officeName":"🇸🇪 Lund","image":"https://i.1337co.de/profile/michal-lusiak-medium"},{"employeeName":"Mihael Dobnikar","officeName":"🇸🇮 Ljubljana","image":"https://i.1337co.de/profile/mihael-dobnikar-medium"},{"employeeName":"Mikael Borgbrant","officeName":"🇸🇪 Stockholm","image":"https://i.1337co.de/profile/mikael-borgbrant-medium"},{"employeeName":"Mikael Brassman","officeName":"🇸🇪 Lund","image":"https://i.1337co.de/profile/mikael-brassman-medium"},{"employeeName":"Mikael Lindholm","officeName":"🇸🇪 Stockholm","image":"https://i.1337co.de/profile/mikael-lindholm-medium"},{"employeeName":"Mikael Lundberg","officeName":"🇸🇪 Stockholm","image":"https://i.1337co.de/profile/mikael-lundberg-medium"},{"employeeName":"Milos Medic","officeName":"🇸🇪 Lund","image":"https://i.1337co.de/profile/milos-medic-medium"},{"employeeName":"Myad Tahajody","officeName":"🇸🇪 Lund","image":"https://i.1337co.de/profile/myad-tahajody-medium"},{"employeeName":"Nejc Palir","officeName":"🇸🇮 Ljubljana","image":"https://i.1337co.de/profile/nejc-palir-medium"},{"employeeName":"Nick Sandgren","officeName":"🇸🇪 Helsingborg","image":"https://i.1337co.de/profile/nick-sandgren-medium"},{"employeeName":"Niclas Fredriksson","officeName":"🇸🇪 Helsingborg","image":"https://i.1337co.de/profile/niclas-fredriksson-medium"},{"employeeName":"Niclas Pahlfer","officeName":"🇸🇪 Stockholm","image":"https://i.1337co.de/profile/niclas-pahlfer-medium"},{"employeeName":"Nicolas Delfino","officeName":"🇸🇪 Lund","image":"https://i.1337co.de/profile/nicolas-delfino-medium"},{"employeeName":"Nikki Sollid","officeName":"🇸🇪 Stockholm","image":"https://i.1337co.de/profile/nikki-sollid-medium"},{"employeeName":"Niklas Dahlman","officeName":"🇸🇪 Lund","image":"https://i.1337co.de/profile/niklas-dahlman-medium"},{"employeeName":"Niklas Frank","officeName":"🇸🇪 Lund","image":"https://i.1337co.de/profile/niklas-frank-medium"},{"employeeName":"Niklas Hedlund","officeName":"🇸🇪 Borlänge","image":"https://i.1337co.de/profile/niklas-hedlund-medium"},{"employeeName":"Niklas Sjöberg","officeName":"🇸🇪 Helsingborg","image":"https://i.1337co.de/profile/niklas-sjoberg-medium"},{"employeeName":"Ola Andersson","officeName":"🇸🇪 Lund","image":"https://i.1337co.de/profile/ola-andersson-medium"},{"employeeName":"Olga Vysotskaya","officeName":"🇸🇪 Stockholm","image":"https://i.1337co.de/profile/olga-vysitskaya-medium"},{"employeeName":"Olle Nordin","officeName":"🇸🇪 Stockholm","image":"https://i.1337co.de/profile/olle-nordin-medium"},{"employeeName":"Oscar Nihlgård","officeName":"🇸🇪 Lund","image":"https://i.1337co.de/profile/oscar-nihlgard-medium"},{"employeeName":"Oskar Hülphers","officeName":"🇸🇪 Lund","image":"https://i.1337co.de/profile/oskar-hulphers-medium"},{"employeeName":"Oskar Mossberg","officeName":"🇸🇪 Stockholm","image":"https://i.1337co.de/profile/oskar-mossberg-medium"},{"employeeName":"Otto Remse","officeName":"🇸🇪 Lund","image":"https://i.1337co.de/profile/otto-remse-medium"},{"employeeName":"Patrik Ekdahl","officeName":"🇸🇪 Stockholm","image":"https://i.1337co.de/profile/patrik-ekdahl-medium"},{"employeeName":"Patrik Jonsson","officeName":"🇸🇪 Stockholm","image":"https://i.1337co.de/profile/patrik-jonsson-medium"},{"employeeName":"Patrik Palmér","officeName":"🇸🇪 Helsingborg","image":"https://i.1337co.de/profile/patrik-palmer-medium"},{"employeeName":"Paulina Raymond","officeName":"🇸🇪 Stockholm","image":"https://i.1337co.de/profile/paulina-raymond-medium"},{"employeeName":"Pavel Maslov","officeName":"🇸🇮 Ljubljana","image":"https://i.1337co.de/profile/pavel-maslov-medium"},{"employeeName":"Per Dervall","officeName":"🇸🇪 Lund","image":"https://i.1337co.de/profile/per-dervall-medium"},{"employeeName":"Per Nåtby","officeName":"🇸🇪 Stockholm","image":"https://i.1337co.de/profile/per-natby-medium"},{"employeeName":"Per Ökvist","officeName":"🇸🇪 Lund","image":"https://i.1337co.de/profile/per-okvist-medium"},{"employeeName":"Peter Heiberg","officeName":"🇸🇪 Helsingborg","image":"https://i.1337co.de/profile/peter-heiberg-medium"},{"employeeName":"Peter Kedemo","officeName":"🇸🇪 Lund","image":"https://i.1337co.de/profile/peter-kedemo-medium"},{"employeeName":"Petra Lichtenecker","officeName":"🇸🇪 Stockholm","image":"https://i.1337co.de/profile/petra-regina-medium"},{"employeeName":"Philip Englund","officeName":"🇸🇪 Helsingborg","image":"https://i.1337co.de/profile/philip-englund-medium"},{"employeeName":"Philip Linell","officeName":"🇸🇪 Lund","image":"https://i.1337co.de/profile/philip-linell-medium"},{"employeeName":"Pontus Franzén","officeName":"🇸🇪 Lund","image":"https://i.1337co.de/profile/pontus-franzen-medium"},{"employeeName":"Pontus Lögdahl","officeName":"🇸🇪 Stockholm","image":"https://i.1337co.de/profile/pontus-logdahl-medium"},{"employeeName":"Pontus Molin","officeName":"🇸🇪 Lund","image":"https://i.1337co.de/profile/pontus-molin-medium"},{"employeeName":"Pontus Ohlsson","officeName":"🇸🇪 Lund","image":"https://i.1337co.de/profile/pontus-ohlsson-medium"},{"employeeName":"Praveenkumar Valavan","officeName":"🇸🇪 Stockholm","image":"https://i.1337co.de/profile/praveenkumar-valavan-medium"},{"employeeName":"Raslav Milutinović","officeName":"🇸🇮 Ljubljana","image":"https://i.1337co.de/profile/raslav-milutinovic-medium"},{"employeeName":"Rok Horvat","officeName":"🇸🇮 Ljubljana","image":"https://i.1337co.de/profile/rok-horvat-medium"},{"employeeName":"Ryan Francis","officeName":"🇸🇪 Lund","image":"https://i.1337co.de/profile/ryan-francis-medium"},{"employeeName":"Saair Quaderi","officeName":"🇸🇪 Lund","image":"https://i.1337co.de/profile/saair-quaderi-medium"},{"employeeName":"Sabina Brdnik","officeName":"🇸🇮 Ljubljana","image":"https://i.1337co.de/profile/sabina-brdnik-medium"},{"employeeName":"Samir Sliti","officeName":"🇸🇪 Lund","image":"https://i.1337co.de/profile/samir-sliti-medium"},{"employeeName":"Samuel Bergström","officeName":"🇸🇪 Lund","image":"https://i.1337co.de/profile/samuel-bergstrom-medium"},{"employeeName":"Sandra Åberg","officeName":"🇸🇪 Stockholm","image":"https://i.1337co.de/profile/sandra-aberg-medium"},{"employeeName":"Sarah Thorén","officeName":"🇸🇪 Lund","image":"https://i.1337co.de/profile/sarah-thoren-medium"},{"employeeName":"Sebastian Brand","officeName":"🇸🇪 Stockholm","image":"https://i.1337co.de/profile/sebastian-brand-medium"},{"employeeName":"Sebastian Hallén","officeName":"🇸🇪 Lund","image":"https://i.1337co.de/profile/sebastian-hallen-medium"},{"employeeName":"Shirin Danehpash","officeName":"🇸🇪 Lund","image":"https://i.1337co.de/profile/shirin-danehpash-medium"},{"employeeName":"Simon Bohlin","officeName":"🇸🇮 Ljubljana","image":"https://i.1337co.de/profile/simon-bohlin-medium"},{"employeeName":"Simon Farås","officeName":"🇸🇪 Borlänge","image":"https://i.1337co.de/profile/simon-faras-medium"},{"employeeName":"Simon Oskarsson","officeName":"🇸🇪 Stockholm","image":"https://i.1337co.de/profile/simon-oskarsson-medium"},{"employeeName":"Simon Palmberg","officeName":"🇸🇪 Borlänge","image":"https://i.1337co.de/profile/simon-palmberg-medium"},{"employeeName":"Sofi Persson","officeName":"🇸🇪 Helsingborg","image":"https://i.1337co.de/profile/sofi-persson-medium"},{"employeeName":"Sofia Larsson","officeName":"🇸🇪 Lund","image":"https://i.1337co.de/profile/sofia-larsson-medium"},{"employeeName":"Stefan Ekman","officeName":"🇸🇪 Lund","image":"https://i.1337co.de/profile/stefan-ekman-medium"},{"employeeName":"Stefan Miodrag","officeName":"🇸🇪 Lund","image":"https://i.1337co.de/profile/stefan-miodrag-medium"},{"employeeName":"Stefan Nilsson","officeName":"🇸🇪 Lund","image":"https://i.1337co.de/profile/stefan-nilsson-medium"},{"employeeName":"Stefan Viberg","officeName":"🇸🇪 Lund","image":"https://i.1337co.de/profile/stefan-viberg-medium"},{"employeeName":"Teodor Jonsson","officeName":"🇸🇪 Stockholm","image":"https://i.1337co.de/profile/teodor-jonsson-medium"},{"employeeName":"Theodore Markovic","officeName":"🇸🇪 Stockholm","image":"https://i.1337co.de/profile/theodore-markovic-medium"},{"employeeName":"Thomas Brunström","officeName":"🇸🇪 Borlänge","image":"https://i.1337co.de/profile/thomas-brunstrom-medium"},{"employeeName":"Thomas Cronholm","officeName":"🇸🇪 Lund","image":"https://i.1337co.de/profile/thomas-cronholm-medium"},{"employeeName":"Tina Nielsen","officeName":"🇸🇪 Lund","image":"https://i.1337co.de/profile/tina-nielsen-medium"},{"employeeName":"Tina Rozman","officeName":"🇸🇮 Ljubljana","image":"https://i.1337co.de/profile/tina-rozman-medium"},{"employeeName":"Tobias Brandter","officeName":"🇸🇪 Stockholm","image":"https://i.1337co.de/profile/tobias-brandter-medium"},{"employeeName":"Tomas Kristiansson","officeName":"🇸🇪 Borlänge","image":"https://i.1337co.de/profile/tomas-kristiansson-medium"},{"employeeName":"Tommy Albinsson","officeName":"🇸🇪 Stockholm","image":"https://i.1337co.de/profile/tommy-albinsson-medium"},{"employeeName":"Uday Pratap Singh","officeName":"🇸🇪 Lund","image":"https://i.1337co.de/profile/uday-pratap-singh-medium"},{"employeeName":"Urša Gorše","officeName":"🇸🇮 Ljubljana","image":"https://i.1337co.de/profile/ursa-gorse-medium"},{"employeeName":"Urška Dobnikar Petrič","officeName":"🇸🇮 Ljubljana","image":"https://i.1337co.de/profile/urska-dobnikar-petric-medium"},{"employeeName":"Victor Ciavarella","officeName":"🇸🇪 Stockholm","image":"https://i.1337co.de/profile/victor-ciavarella-medium"},{"employeeName":"Victoria Holmqvist","officeName":"🇸🇪 Lund","image":"https://i.1337co.de/profile/victoria-holmqvist-medium"},{"employeeName":"Vladimir Stantić","officeName":"🇸🇮 Ljubljana","image":"https://i.1337co.de/profile/vladimir-stantic-medium"},{"employeeName":"Yosef Almayahi","officeName":"🇸🇪 Stockholm","image":"https://i.1337co.de/profile/yosef-almayahi-medium"},{"employeeName":"Åsa Vukmanovic Lilja","officeName":"🇸🇪 Lund","image":"https://i.1337co.de/profile/asa-vukmanovic-lilja-medium"},{"employeeName":"Örjan Sjöholm","officeName":"🇸🇪 Stockholm","image":"https://i.1337co.de/profile/orjan-sjoholm-medium"},{"employeeName":"İlkin Artuç","officeName":"🇸🇪 Lund","image":"https://i.1337co.de/profile/ilkin-artuc-medium"},{"employeeName":"Žiga Vajdič","officeName":"🇸🇮 Ljubljana","image":"https://i.1337co.de/profile/ziga-vajdic-medium"}]